,0,1,2,3,4,5,6
0,0.5799537185446559,0.732254979315296,0.3513237255164716,0.6593872550741041,0.6013630047741328,0.5666451101471895,0.19757477972275794
1,0.49606354334219116,0.41392388277729386,0.3829950866491342,0.47983304257421655,0.3443764117009085,0.8263404869585191,0.1641670403711014
2,0.956946063199295,0.5977893773478016,0.3688824016040809,0.46656958476546284,0.4460122468491874,0.924403874686819,0.18813749648236422
3,0.7808382783241316,0.7568014176803719,0.4989009201708451,0.8769153798224749,0.11038299944182683,0.7952645079856256,0.5459344234907766
4,0.7579517581799362,0.9220584407300464,0.5363961991963652,0.658299431084902,0.18932907370999574,0.745976448685242,0.49450449137113217
5,0.820048893133804,0.7282881089060909,0.16038227606014577,0.053314492337006136,0.26006826880622813,0.29729839556278326,0.25543399356298024
6,0.5071896376324384,0.8862009564532752,0.9824092712294946,0.5188166286940159,0.06758796124009459,0.6705572055797938,0.013781467481150278
7,0.6576716866859814,0.6910480082008873,0.1171821232772784,0.6059151189414451,0.4686883242197686,0.646492806151449,0.8278409729903394
8,0.2850898788235149,0.6124160012438665,0.7898712602805437,0.3768997488977679,0.5628689618107519,0.5283528464411119,0.7877344057736948
9,0.5799306978444181,0.8179199875788702,0.3123234148398133,0.23950619269558415,0.238601306605843,0.5278099851812558,0.914351573050485
10,0.5592282792488681,0.49452482675245724,0.1707292449280996,0.5787335845463619,0.3964874500088559,0.4192538134670424,0.7970441628237058
11,0.6969890613885763,0.5439838776122415,0.7361363118849188,0.24115051000533738,0.33834461783077907,0.6319488391204601,0.888357351425079
12,0.3472960462210146,0.2599542352315878,0.6946521899798968,0.4412544337462404,0.23595936591846411,0.11037633283852188,0.42999762352043147
13,0.5412969777606073,0.8012452353494245,0.6540659589143488,0.6389381677525283,0.4062632720545951,0.8702791612485093,0.16645426161825183
14,0.1547089390633012,0.7095948897837576,0.41493667883472696,0.12802580361412808,0.6627117252960741,0.87456584797451,0.778027019916457
15,0.975383242855403,0.12488041026317631,0.1906654580380227,0.973965398842415,0.023888127860029917,0.9148777769390268,0.16576351081293283
16,0.7058356764828945,0.8185547431799904,0.29904142471627093,0.5226330241859929,0.10762587283432834,0.15401632819436217,0.5475803942452773
17,0.036549932191053736,0.8557246467148898,0.7532837142996827,0.6444963715780142,0.6691125870001613,0.258129493411836,0.07313752711045318
18,0.36101234266756166,0.5349304640462498,0.6245472565031218,0.08022766017971383,0.7281973875616432,0.6330637474967661,0.7654860598535106
19,0.2293827432142388,0.2318107232484108,0.09187063562033282,0.2504130892601454,0.4422537015136252,0.7428259803881521,0.11618590676831819
20,0.44582010245233805,0.10425292294023247,0.5790580431164188,0.03989422938276499,0.10097708979442,0.04275916987426387,0.026566568465715812
21,0.9433658490701986,0.6171636689878645,0.7267424696969551,0.06637977077170476,0.5810401254275501,0.452591743522042,0.42067575751451103
22,0.024690654748946717,0.5455381550094119,0.05715251338516181,0.03547946371649924,0.09529041334352362,0.28660644498807797,0.9752730359619356
23,0.1813492472554149,0.06345141439792257,0.23924914001882014,0.45474517363339884,0.4670475207968666,0.7288129548121219,0.6981111174108131
24,0.9789814558077041,0.08454443157234026,0.8085000079796665,0.6205863935447958,0.2445301533942057,0.2797384055671044,0.6914195073553948
25,0.49798788881744693,0.0993281490525666,0.6711832988577744,0.9534045220672906,0.12810186234338616,0.8421924954190785,0.3085664162605254
26,0.89862658273372,0.3638009641776895,0.4518828819182197,0.9857605068779037,0.99500843533332,0.4322393834125504,0.9375143765650158
27,0.47436237111492185,0.9973442719027055,0.777449639404121,0.42980462688282794,0.5147708405177573,0.46567639648001713,0.1888705146193459
28,0.03769079168600864,0.9577281505614751,0.9673584305674144,0.7924386871135393,0.40452196236796056,0.04203999221208954,0.6230940048689877
29,0.8144167279924583,0.25740842114291307,0.8586671803396148,0.3457030001539574,0.1162106336048484,0.4459062806302341,0.47253307411518597
30,0.39464634879981697,0.671894005927704,0.639072221649138,0.20995700096667091,0.38317547898098725,0.13094431423830166,0.30904710179484574
31,0.7903515187543411,0.7966860985705408,0.9909776829438127,0.5375925238350645,0.9087432926997902,0.515492390134772,0.21251698814472864
32,0.6341564850394886,0.14460402987697674,0.8987124082741326,0.8117893699273079,0.12955675296362168,0.13263638132803246,0.6058858785038513
33,0.6958405048493328,0.693097162698384,0.01461002959340818,0.1573103237018404,0.0026767351545126106,0.8503873586722364,0.3701072373938944
34,0.6988917895046732,0.5827842738961118,0.44555488873236293,0.30644130867637975,0.6199630413135019,0.5595656739600722,0.5798328367159229
35,0.29376124994682984,0.6565467347580533,0.5555275727336284,0.27467395554255636,0.21133548681136882,0.24465742908074628,0.8068467266108972
36,0.8826873297859559,0.7553285054194571,0.18632668508826555,0.7557901236713356,0.5139840361271379,0.07992086247180819,0.8688953997413925
37,0.809783309128999,0.7502404588622904,0.9852947363639526,0.1733503436335172,0.10203028920341473,0.700015963353197,0.6931049731102255
38,0.5942148880570707,0.2765810781368535,0.3918432658583828,0.08522920950910906,0.5281363275479016,0.571873997341055,0.6460246593719253
39,0.8416508642575035,0.9189251008987711,0.5628966758789289,0.8833043892174345,0.7481443615903219,0.23463564211927668,0.20576734443246358
40,0.26723139111232386,0.4675959194955416,0.5183892625881609,0.44162101663828723,0.18339293540741997,0.7460736377392065,0.028255492715711927
41,0.5712653906806361,0.6159307111021759,0.3241409571227811,0.6186406628453636,0.7374592473987444,0.3890768755488847,0.7709608898207335
42,0.07317660050953145,0.15727004855236038,0.7759459280514197,0.5064136745173273,0.6484175221774036,0.06798598983623494,0.42993692278730145
43,0.35168528709098956,0.6766209643055557,0.2861881981143599,0.44072255367549606,0.7806574745191467,0.8244580782773965,0.8616396970230085
44,0.06590354415768807,0.12602796827359453,0.916958420350447,0.49264651388528036,0.44384001058509714,0.4619325472938449,0.4571588725765662
45,0.6980418321418013,0.41149059660746434,0.19196052085069948,0.9964002512288748,0.011861984680377358,0.8795212082970248,0.5044977066381839
46,0.6355021281400214,0.474438410101673,0.9771471992638845,0.7234399272431747,0.6822901552261983,0.4210744694196762,0.25589292034845557
47,0.9019007139632763,0.3748084470116263,0.33427334250926377,0.3713689796339117,0.6163029277920834,0.651500131142817,0.033577533622220046
48,0.42974186017129123,0.9382400291255086,0.2203047556234402,0.8351024568251317,0.5151747081370842,0.40497391477846445,0.4689025291098724
49,0.4756820138248159,0.6699696698831352,0.5469221806812646,0.19607553333950745,0.6334432131611503,0.6609807800130161,0.781027445098125
50,0.11211535186326305,0.7214554206751412,0.12760818580136912,0.8562349521434219,0.4134559263576558,0.33407460153347923,0.2558787160229975
51,0.797421366963261,0.3116212439270669,0.024898434750425635,0.8714888540027811,0.7813976578661288,0.9605285846248569,0.49527388369363834
52,0.7892243943476551,0.6374678147135883,0.3023492407999737,0.7222103875673068,0.07871424713551689,0.031203892577773784,0.3450980392715497
53,0.43577450380527827,0.10074115473823553,0.917649797852235,0.7911539782405499,0.8232594983577365,0.97008250937717,0.3721287894516091
54,0.14897081194750994,0.6522788549202992,0.9498525339409991,0.38462808453847896,0.38338722158594185,0.4919422400551122,0.5585839516645584
55,0.7527936341453058,0.23109036238996572,0.4787154989825705,0.3443763377422193,0.2084344514100862,0.4474061952957007,0.8930584431883168
56,0.23249397291014062,0.5378250114759889,0.6746141406688059,0.3081525510100288,0.8934981294412258,0.8484213924905525,0.3014410980165012
57,0.17646038641235706,0.27467249969284613,0.04962922130100622,0.32872191345220825,0.10308328483714413,0.04781187976420709,0.299527713646934
58,0.6527845490712836,0.9945536591352666,0.4082448070560267,0.778015032486904,0.7226807947091564,0.9591307930261236,0.03736527567189163
59,0.8697793085513562,0.8769951989306256,0.533488102489212,0.020613667130959024,0.677029262061271,0.8740296613194735,0.035795422909027375
60,0.16981764583161396,0.6474719802419808,0.25016856246909325,0.6750921298655455,0.5615584009741689,0.5897575655854079,0.7083320706552314
61,0.6591399933689919,0.9802816869876967,0.8291939637693758,0.9363338387054084,0.6164728157397286,0.40324386375339827,0.828693729711377
62,0.38419000975721684,0.7142307681038881,0.354762268486457,0.6133997871150143,0.43819725008354415,0.3637055935528354,0.3547573477562702
63,0.13887274430309193,0.5193547110468006,0.34776247467074684,0.042462189017344554,0.2635050138722921,0.32793803949805445,0.3671207710290457
64,0.07357940460658197,0.6851035664790599,0.6486489102945908,0.6077959221255888,0.8268744174426019,0.9973401495983589,0.7205347812844004
65,0.5433808523116608,0.6778658883038026,0.5084390894291696,0.16620257682348638,0.28122844118567414,0.5556125703935655,0.9760667951683624
66,0.30932513488651925,0.12911346361666498,0.16890798535516205,0.06484548754719321,0.48842676708220256,0.9598955987626595,0.5308457666746488
67,0.5256528687452396,0.14192395874267083,0.9963224448087983,0.1328499801381018,0.87786141588845,0.2922129432714097,0.3751316457638132
68,0.07082801497580848,0.7610317739952004,0.2644452426194508,0.5613002666785654,0.6676377685388454,0.5411678467574683,0.40665536424622106
69,0.8537856811107928,0.16511307928643193,0.6872266225029281,0.5602752903866584,0.45922172153603735,0.48648905514665286,0.1823379960178909
70,0.5017605786209143,0.48276740088964887,0.5642683935363397,0.8401722119607434,0.9798430357242075,0.3752314378530053,0.37646524392935743
71,0.96581434792404,0.9126612144766048,0.6047743034226305,0.1628103904862046,0.6502071828762792,0.7100025912566139,0.09081026270735415
72,0.1192928583965086,0.6058318813828706,0.6625845098892154,0.48359355177187324,0.053617448687805935,0.3546443575098469,0.06364801516463492
73,0.5681204080657117,0.7305249265036818,0.6943270904761093,0.8739918942628799,0.48550569638645646,0.35001196780359634,0.29939670557688636
74,0.2950957933778018,0.3031777455398571,0.638359908954221,0.13251272708777284,0.9626502344547069,0.6808376415006837,0.3241602867367942
75,0.747871441763963,0.09826562096989788,0.49620067661997036,0.4795763770684459,0.0542915817809394,0.33109451885867724,0.538102487745517
76,0.6601060273422295,0.25654472501466363,0.8745505209426992,0.6565199871926198,0.6587021470101572,0.6950517425060241,0.0031291002902532616
77,0.2087743723706743,0.6193514847933722,0.04205905819426381,0.2227101913918761,0.6088252899889841,0.01263893080773848,0.7393898137846571
78,0.8953744021257727,0.6860073533143858,0.9832489740336299,0.6195027800727265,0.24710460061639639,0.8099638358908434,0.3584648596482545
79,0.08776329432944963,0.8566457936425091,0.5377396716304316,0.6764858311353675,0.43937149472474524,0.15337407045798146,0.26811657380135123
80,0.7258961250931034,0.04508069335130349,0.5044887622215082,0.08266355536599423,0.8426376130270808,0.5340781442890443,0.7068687839760014
81,0.6488353174646999,0.641861167225327,0.05702043732178863,0.17096482072625308,0.0860395679045114,0.49334933116265256,0.5906312997730785
82,0.5455206098200749,0.6429758903573981,0.08321208152634418,0.04485779611434304,0.969412735853894,0.08901812364915718,0.21348871391192292
83,0.8531230927091751,0.6593722597440907,0.9429504051670151,0.848615774106592,0.738186607703958,0.635454460260461,0.5627363509796038
84,0.043120303315013486,0.4388241763251737,0.47962532134392777,0.47440258155628734,0.09834276951616405,0.7719937029981699,0.5427397370612311
85,0.7881972951684367,0.4047230169194831,0.2675196032252487,0.4892579206392419,0.9567874932899221,0.3717120409451079,0.148067032271743
86,0.01578352153031426,0.6814707222467821,0.5359824818082893,0.1355782116604055,0.02221584090029749,0.629221253343906,0.19959036635332816
87,0.9916093437012565,0.018740174697512657,0.5681292401713683,0.5810464945141762,0.3983398200355279,0.5775478095062802,0.7932385223721634
88,0.4429315739101969,0.015073010714362067,0.4989200545633101,0.22902801591011201,0.6643780275600591,0.41149387806860893,0.16781098055272492
89,0.1521686778209108,0.8422719649020449,0.2576517230865484,0.6684202238276317,0.2485443204319906,0.03303341828260409,0.04650503530614092
90,0.46309597294274674,0.9707626217581445,0.7583668959221462,0.9867272429716579,0.011389135385624138,0.6568162791632469,0.20160126594924566
91,0.4750123812767121,0.8966478140000712,0.8044568438358753,0.8883210131513652,0.11298131700009817,0.5931250422106589,0.5347998517193298
92,0.5985341846309098,0.6420873819109423,0.3520142905031425,0.6208290595224278,0.31049508642058965,0.5727575659595339,0.3636075316681895
93,0.4131123754927366,0.019587129745864074,0.917634525343004,0.8299439682089219,0.2427323178438413,0.6011521425819475,0.362394055561471
94,0.6935311438535039,0.22099988461954656,0.08296710786337824,0.9457658121173184,0.4538737626242484,0.12605334415676717,0.1922519480868674
95,0.07979197492251433,0.729631868859015,0.3107220861003983,0.8931289372047532,0.31538429008170854,0.0683867906943646,0.37489375442908324
96,0.48421286272388864,0.9444303515207255,0.49048775731262073,0.07112122525672626,0.558873059607486,0.5606137081352697,0.03354867238813353
97,0.6873622301786497,0.8006420254449872,0.07680692327730643,0.2847069370660765,0.04310538832632149,0.29150353024087905,0.15503529167270025
98,0.7916243370031275,0.3395051249593576,0.5142224519067979,0.06034747152023434,0.31286941192558837,0.75098597850468,0.7145343408915804
99,0.6883622901138763,0.2792983846437005,0.5499528955297175,0.469809923080428,0.877956494318969,0.6289317941575674,0.7298172045173807
100,0.7236285288887127,0.03570629554332694,0.05185619386793394,0.7659103704622316,0.7504437132471389,0.42266665794331626,0.22333055531655632
101,0.21366078850226555,0.8506575075138334,0.1990201449322202,0.9412572663228667,0.7416659842740958,0.09485432822996587,0.9798339046036078
102,0.45089050531458175,0.2350968198888277,0.3995220315424751,0.42167414796748337,0.6120448099435155,0.009638809345220323,0.8465904936543717
103,0.8226643348273259,0.8591272490578697,0.5395987427823359,0.7046597917180741,0.9344010351550837,0.3475780691955592,0.1258591949918516
104,0.796802537548381,0.047356064751239324,0.3562203878129254,0.23761532626510595,0.8139669988147423,0.48704911254870153,0.2932980629342695
105,0.6918199066279592,0.9249877532630686,0.631044798149225,0.038725512150560415,0.9637701909632536,0.03296620080153334,0.7460325608542369
106,0.6871213611643253,0.8970327808283542,0.6257584346511202,0.5429595708871695,0.8250546425915848,0.8389955443744712,0.3729866182821362
107,0.11427758084248296,0.06334111263893971,0.9397166686578565,0.009361523810720196,0.1266163439806146,0.09345009818502847,0.8579567851086315
108,0.31467768133758955,0.8973319538653399,0.6327195544319822,0.6049343004326421,0.29852457079341166,0.01776140988725372,0.4222614978697037
109,0.11170661604698318,0.70466229415554,0.18092351469766443,0.1562615112323984,0.9614012067788954,0.26067706136689395,0.9671045086414538
110,0.2280277022482432,0.3047762755483614,0.4778392947581538,0.7771851865561622,0.06949684845854054,0.608900340041312,0.9932212419227959
111,0.32709469413628645,0.3820677865055415,0.14583193784752857,0.4967601910861045,0.11638590940651383,0.6862342682882334,0.3872193987053879
112,0.45620845304712465,0.8524152398700643,0.6526053912051214,0.026281562979811768,0.21109333494697324,0.43083269802356994,0.03773377699313585
113,0.4247521637606584,0.8440243484909231,0.9992636472213348,0.585821924994265,0.01970720441494722,0.9919685323792694,0.09339451285504363
114,0.5227979623777878,0.7389437345026993,0.9324513056799231,0.7634183935287058,0.5148638951372528,0.8113169889587818,0.8155236229907951
115,0.36060450278612266,0.2677109774688028,0.4307292360630379,0.2755679337641872,0.6383123635925543,0.8436651666728118,0.10570082232004308
116,0.9723661585049799,0.6443138514964211,0.12666523816156672,0.320451371911769,0.15622836344318736,0.2652221001346706,0.8792027391931484
117,0.5095638487602061,0.02483709063828332,0.2536734231801048,0.9689106706843149,0.3892517575938085,0.3260672554458778,0.22867236477643438
118,0.4549194198554777,0.1651863178259101,0.7201260759444327,0.5442226418122321,0.6721832830159866,0.6847574863794769,0.2209615004222253
119,0.4077420710623887,0.46355512966807955,0.4516923305266961,0.6478758112055026,0.7457641356153248,0.09086187500901877,0.08483741107522558
120,0.6861064969022367,0.06423045045068765,0.8154262371976204,0.964370440295663,0.017761697873069027,0.24164508863739564,0.02952537975069025
121,0.015938293959583905,0.0681933964013961,0.45293406430893735,0.29166467940425345,0.3253050566015878,0.49105373079008385,0.6402821706723546
122,0.18397390091646482,0.563426601907629,0.3024496758604057,0.9770779280230748,0.4077187714923005,0.07330814930524487,0.8059445178511893
123,0.5243217091524465,0.1380673326258589,0.12478007799346746,0.8217839644521907,0.016264387074386155,0.7458620042332014,0.13641373293125503
124,0.4265055045834455,0.26634594376838683,0.9428239147759869,0.7458805403804241,0.8612518332919041,0.8589455868509343,0.5382208007439498
125,0.016505167367302676,0.3849953137549098,0.6986623850777521,0.820718650229907,0.6649635942855557,0.3654418205554014,0.26608949360048495
126,0.26150641259507534,0.7610878505124345,0.8612502876096316,0.3004763161513534,0.8951600685004053,0.3887756104140815,0.08302337228608014
127,0.40876922545133887,0.4208079694101573,0.3194392209021698,0.7633356665190841,0.26991971347365473,0.08725990970892261,0.4388581856849728
128,0.7980939106772296,0.2748745593718718,0.7357080964427528,0.3846947330307775,0.666709238729058,0.8018867277813996,0.7904150728150103
129,0.795670516103401,0.770617969980336,0.8642124548017547,0.014504058954800558,0.10066192851528954,0.5111276332672787,0.1695617122016584
130,0.9519549787019141,0.4396370441248133,0.34972039837986846,0.49421438093972914,0.0004746903861396756,0.13468302825578415,0.10329857076933524
131,0.7581350926226489,0.07989933260411741,0.32826009947431,0.13360493330400547,0.0953245273001656,0.07518762728499095,0.043433552530649955
132,0.2692739110789337,0.3654036798075009,0.4812716797433718,0.5431938100741439,0.16704342009853002,0.07949550184660059,0.48305309919312756
133,0.2797306315184671,0.553776685679666,0.5976524111683571,0.8926940007481109,0.9396275112303881,0.2685910544298139,0.46311202347497793
134,0.5313365508690423,0.6179609476839529,0.8512599723390929,0.9646490592115893,0.144879007012356,0.29365583810334683,0.32765393549970356
135,0.1935739974917816,0.9769093422822056,0.7153037489174362,0.8660039990708662,0.27659796722355556,0.10497571370030767,0.47055386617833517
136,0.9238434338819991,0.07148729715214008,0.013584104652615947,0.22877713321573756,0.8010665822902931,0.14931082367520276,0.2574995611791928
137,0.10033231357234407,0.7341877777143859,0.6403885536543811,0.6573695793417548,0.9257914059185719,0.9041429198084708,0.44937255779414864
138,0.6794570118806801,0.34534284005725746,0.9202872195493563,0.08453144326773487,0.01498191165767948,0.1374027674069127,0.1553849460059442
139,0.9257872035192053,0.11775985733531324,0.070600858877364,0.4112982579111827,0.3825384147175689,0.9092902320445104,0.777982833006709
140,0.8698910494843564,0.7120992692554102,0.651827946864993,0.2279100002972443,0.9530400327732872,0.2841158802573688,0.5376045535108144
141,0.010219269173976309,0.5739813877093771,0.14275339441247092,0.34630064711537845,0.8370408215793873,0.7395722832432128,0.9588202361771054
142,0.27802271551046465,0.5292214240723081,0.29177477110466754,0.6247353649946241,0.9398984422202022,0.8008965111751264,0.25472374096009165
143,0.9814964514844665,0.5571256248019663,0.33068020228397155,0.2356187917542334,0.505770051557179,0.09054697207864393,0.23496189862795402
144,0.16561032448768453,0.45708938689574563,0.1808592499056223,0.9050285660888,0.22672956203215566,0.15488188620373966,0.13440633192781748
145,0.33618682382339604,0.2128676415940045,0.7303462625103779,0.22538849366778346,0.7988766385186764,0.3830661169879239,0.15892961721537546
146,0.957908644557632,0.32385177128615006,0.49062384297197326,0.20104929978356922,0.2345537332740656,0.12992899507177502,0.5458424426926529
147,0.04503782019224445,0.2399154340438513,0.7670230731608808,0.9929546281171576,0.4003225431089792,0.3603357605374804,0.7174573538878715
148,0.9729999923775745,0.9114159339068588,0.3086244744753255,0.07654486976073327,0.9799786095036445,0.5865685529039519,0.4059888282020945
149,0.24553299530911243,0.7403157655282585,0.29555646006070535,0.6732977347402239,0.21424824649174057,0.5996833298624442,0.294809924018233
150,0.8746145343648205,0.4664014511404294,0.08918545867363381,0.7705540586811973,0.016450947649368386,0.731683159028447,0.053194045269303714
151,0.2321565523977831,0.5507265867298481,0.7421172811387413,0.6340957458608419,0.8467637255198173,0.4625008324562785,0.30147636994566707
152,0.03947601393251521,0.38397429091305857,0.7970871564010924,0.7340294864075033,0.8304870960908635,0.593196755257459,0.731229629986976
153,0.832163020635829,0.4975866760477825,0.9196685269036258,0.470396443264984,0.19177401032028785,0.9804173763151963,0.27404623863821875
154,0.6368754439697606,0.5964309498225868,0.05593759746379612,0.8314532243754102,0.19706271195084613,0.9952516488011025,0.12524097858797167
155,0.6419221759620459,0.6679878930188892,0.27823210389257236,0.9481214549865824,0.7854331540963869,0.5338869823524858,0.7230916303691391
156,0.08999207892751071,0.7466669443493944,0.9035811040747513,0.7724701264041945,0.4287884383881394,0.9165828370351923,0.5014445746892028
157,0.29926437233623804,0.5877450578714142,0.7486413470585932,0.6950815028497563,0.9278023374908072,0.39579495430369716,0.700338775426161
158,0.22982509360889258,0.021071366630752597,0.504104773839655,0.6990124579333035,0.817914138803011,0.9407252898780721,0.6165134262147802
159,0.17917413160065,0.10596066348659605,0.2638354484163844,0.772324282889016,0.07067098529188087,0.617324183255485,0.6060241939078849
160,0.16790814694563605,0.9729889830728131,0.5785815932190236,0.5752460412140725,0.08801813647146728,0.7679503834869214,0.82404217222082
161,0.307307962428392,0.29611803741608345,0.4712734154063427,0.9952682387640059,0.3239006087131986,0.11645896030598524,0.04297664876670482
162,0.5195130434479582,0.5423610302200356,0.322763701854175,0.2113316852298469,0.06020422275424753,0.13954266457125586,0.7414465941237643
163,0.16027849723209697,0.24959269460304556,0.6399729036485873,0.6275556968432396,0.6969830943711364,0.9558286646327994,0.5583132730351791
164,0.2627310984693889,0.8604916000547536,0.9536070051358878,0.12218148630154602,0.08294860222531675,0.5927789977704652,0.04850111915070565
165,0.7520305270678354,0.9796271716623568,0.5858923146201762,0.09658548655243915,0.02699330314248083,0.9643340646707141,0.8785417954719676
166,0.943312935687836,0.7638358709119596,0.2598268302768012,0.2309185573369248,0.4316198420275291,0.532935973327585,0.13786696183764702
167,0.34132068398681825,0.03397151858398906,0.30277924027830927,0.6693119459187336,0.4426549060898969,0.09919731921204766,0.9989616567441142
168,0.6135993214572114,0.18583960896084573,0.5960822281481166,0.25414126606405296,0.8300740168602933,0.5359602267305379,0.2997231075398823
169,0.23880109885979162,0.934719340082868,0.07338557708869864,0.912133839931601,0.5437533694024504,0.28678037469361417,0.5590335433124591
170,0.256551382617784,0.7314259451874349,0.6876759610919398,0.8295269079533553,0.5794409614801521,0.6301454771724295,0.7160114864800179
171,0.19751167134078507,0.7385211151778031,0.667433615678507,0.2931893710707477,0.2976968148747008,0.5997344763016562,0.323365877399694
172,0.5525166279707016,0.7263308520678702,0.6207683811563738,0.3912563910407455,0.7393887597547448,0.8719323152769768,0.45900520767072694
173,0.24957912189856835,0.6975684902744246,0.21055794490599733,0.38099572035134843,0.4737848466779734,0.52250676217513,0.8944044750090675
174,0.9875771114813272,0.2924806329022819,0.9985490204832467,0.9013064824599006,0.9153264835508618,0.10732108309052879,0.8857933880598469
175,0.11490750573658315,0.7617361940182159,0.8454427380523902,0.14412545927700782,0.5240809742129361,0.49136089456711585,0.40790649050630456
176,0.31957265138817714,0.23825226912752318,0.8166724352610252,0.9777645311935362,0.7368594192686908,0.8845624283561678,0.41870393885272184
177,0.3045083813370202,0.9364221503538518,0.18472135792796618,0.4355192509625979,0.38198638519507433,0.11200572186048519,0.8777968324129901
178,0.7574769251945812,0.43324365321524316,0.6922256979387232,0.8734427678519279,0.8861797952865911,0.9513250194318809,0.880755134190705
179,0.73681346430323,0.5003060624935903,0.9897043783573667,0.42571691660528577,0.8315297229901653,0.010275061430716326,0.193347775406144
180,0.2535787203015678,0.9421881587678306,0.8588140180163817,0.5967685670807734,0.6215381377077498,0.2732586862958595,0.30480250901695904
181,0.25647607144640727,0.616313858614896,0.5729903869368091,0.7580004085716899,0.4006702924008513,0.26561474216101155,0.5923749617132366
182,0.9871618707622046,0.5212854642306638,0.40639368884779525,0.13176110648958883,0.36638131712755484,0.1346977129430812,0.2696115202877485
183,0.7719812905961513,0.5635121982073654,0.19057900809554595,0.07239885071317231,0.7773052229495508,0.23945646758158046,0.21793238206205856
184,0.8284315216580544,0.6351790098785309,0.8106412562514941,0.720217427193548,0.6281446622899173,0.8092156653648525,0.24218964708379676
185,0.2497625713922954,0.21588599391651375,0.7227770517101096,0.019536683967158908,0.5973353516159485,0.7033865336497511,0.2857361544092627
186,0.8957230482092663,0.42461617152310327,0.03950938759423939,0.7313523734111858,0.7649309240311158,0.7894018907277358,0.6180923135366394
187,0.7814388510395729,0.29886789212548814,0.57043447862647,0.587789749660737,0.6186725124840776,0.9500946702671096,0.2778973400941023
188,0.7566948356884834,0.10458569770877735,0.668406627825609,0.28767324850003406,0.9631042327044171,0.1628809400355543,0.66699683691023
189,0.9585508406928489,0.1773126972910627,0.6783166954075885,0.8640918389340053,0.5160212688601441,0.25495361115344195,0.9634476246900386
190,0.7661890397302846,0.841293668294315,0.8753135711157121,0.4850045227154317,0.2935188752163008,0.5900311879137581,0.5579717095957628
191,0.4111976677617175,0.3335863857978594,0.5188111630494717,0.19526565726728673,0.45898107902064733,0.5393548934226616,0.025847452735728638
192,0.5473978763235973,0.4763176244170676,0.5938895055722809,0.7833613271483623,0.9214698273999469,0.7877925351799634,0.4603000959591437
193,0.03851076666363484,0.19962576239900165,0.9343021002020298,0.3022420778102972,0.45157899863518625,0.8490937448938273,0.3968420007204373
194,0.36291028448862195,0.3047736882769724,0.893668314900173,0.8303402116617571,0.6482582405126069,0.9411258468327072,0.14216494296412874
195,0.04282564995470417,0.9881378008645804,0.2234060099035584,0.7418469862484465,0.5716600070299702,0.6164220374653993,0.18296188075182862
196,0.08070919490403095,0.6951206994022192,0.00854013478597937,0.05213393281963907,0.4159233637658857,0.20890673892109046,0.33536658564487376
197,0.32955538145074803,0.15424033733947673,0.38491264110895695,0.6868959572209962,0.26604020683367025,0.6245234253209151,0.6883836604348011
198,0.19700933597159842,0.31956493106555217,0.9337359580331686,0.48186710573820646,0.00821381592390169,0.5546660947072471,0.6521079966865845
199,0.3696552023065305,0.11540962768527974,0.6430266205449633,0.6736125721045523,0.9910816576645595,0.6497021442647756,0.6459273384288189
200,0.005231848550572682,0.38101075354532077,0.7068322465112747,0.22907049692692272,0.2210992966067502,0.9467707230586768,0.0854396717732212
201,0.02850866906171934,0.5739104814789721,0.22571065352307984,0.48655397521105603,0.49413966943991416,0.3412130408858657,0.3037775328601432
202,0.585342870949915,0.7733531320210852,0.6198713105492495,0.025918629766943035,0.3743130340906453,0.16797668921118503,0.7590755604809469
203,0.890929795515842,0.7130148069231255,0.18272387997079576,0.6967379597166454,0.5184247281928894,0.9507360859496501,0.6208323322190276
204,0.5879861623921988,0.18926484544951028,0.3368531522078472,0.8237955190063634,0.6704725244307094,0.24569338741760693,0.5384612592742289
205,0.4768538386670912,0.3919582555884873,0.19530522906458914,0.493823753383559,0.640708555408072,0.8961747971462526,0.37169577893619543
206,0.4879342291069162,0.1596608812700494,0.5252306414170609,0.667673197588481,0.9033611754317165,0.49568238261342035,0.7174504064987081
207,0.5322563817723925,0.03133822275136566,0.4306979781681838,0.05668812617399921,0.10898723804050792,0.22113578562970326,0.3768628899449825
208,0.6743973155284092,0.9217837608545162,0.706580740242574,0.5921163192785875,0.5662945972560423,0.01756974003355316,0.9161442099852642
209,0.970633926087691,0.4510096449027772,0.09954157303412914,0.4323648841108416,0.03555225191893041,0.20215445409859822,0.9149660545981901
210,0.09800236072696356,0.22623741388024055,0.863694416028256,0.32814490564873966,0.4303287902297491,0.3335226610651363,0.5878267528444242
211,0.4836913359285193,0.4720549102840119,0.2157604850234932,0.9377512743157131,0.20627174235640777,0.2436475609730797,0.3445293425117365
212,0.4067910741050226,0.9047445450347836,0.7694090423076018,0.3935674537068139,0.4961539562847359,0.2703736775533233,0.21302739626249467
213,0.2767166955463036,0.8048584493059263,0.6584665828867011,0.2689319672326359,0.43559035748706476,0.26045588690600774,0.6218326511452807
214,0.1989920999674546,0.3680235195966993,0.24623427652025032,0.16097131134955667,0.15500664636947625,0.5843235669229574,0.17090608741989644
215,0.11200272190954352,0.7529040441623768,0.15061394161309338,0.8765988976324453,0.10401743708956679,0.882218517420902,0.37202700734412675
216,0.044244616781417556,0.5294936831188742,0.50990915806399,0.3816004910775751,0.921139817031145,0.5877689443268942,0.8990117657059785
217,0.1402780290504393,0.9371425779293476,0.21492213866740073,0.948696387631758,0.21267441450137403,0.8555217745614573,0.25020103805282434
218,0.9602575983806996,0.38409055769559075,0.5105621431335151,0.8012336578110137,0.9309193845190865,0.831726036091037,0.9948261739716086
219,0.005515192952390668,0.2475832003663575,0.04665627343662826,0.8700879467231594,0.17932952087243015,0.4262960536133681,0.7585848853241441
220,0.4981723639768786,0.09314505567336218,0.8582197241322,0.6190217208250535,0.8313450330578439,0.9376102339540736,0.8683626257610958
221,0.4749773171223479,0.24932603976348822,0.6339061387530722,0.7845139999154674,0.08167701386080217,0.9137574490737024,0.8570909453220744
222,0.8082270501443695,0.6422208439018031,0.013320988760677333,0.9520319797585202,0.40040060162249813,0.40086977706667437,0.5127270873668709
223,0.029600638859144213,0.7569918201450577,0.751688944398798,0.18007760773213233,0.2576838553276357,0.057295912937024074,0.5146385990850662
224,0.3563085535029825,0.39835199700985235,0.3040562660338778,0.2204052629484542,0.7924848596821542,0.988332003289454,0.23035029980994914
225,0.6486126508350609,0.7523800492087933,0.6135179003257979,0.4108622174589356,0.21754976965965656,0.39568335702280577,0.40381962475868205
226,0.9617400187076194,0.13896148912107043,0.3694997091605384,0.9406630881449631,0.06143978725566479,0.5813801815705429,0.12746875806183566
227,0.8703800199177865,0.12441606079906353,0.11735932678521455,0.49753121973176684,0.7018088719593248,0.8333500675881185,0.10978452450256682
228,0.4930714277017414,0.2693947634520145,0.032198370476955396,0.04157582549915517,0.4227160272197441,0.049914710587446676,0.20714757480499946
229,0.6786927016880779,0.13389799942021974,0.7671238544561102,0.7184945973550484,0.9228396314711603,0.22403778128682728,0.7506902636789738
230,0.6401044881192923,0.4583541411423667,0.9415266712793867,0.6142207600347342,0.34509305154944747,0.303978150075246,0.26498013977743073
231,0.6187349884996407,0.7292919154089271,0.9775537741820061,0.34272086169431193,0.5268647838919953,0.6797573186607874,0.3581811017331261
232,0.5076611422376863,0.2834005352428385,0.8531029372614721,0.3075062323484745,0.5210308245449049,0.2883004999777592,0.42268825969421453
233,0.8416606110291353,0.8548043097596112,0.8030256751699889,0.5223773452230158,0.8017730124380538,0.4305212440681059,0.4414341058450034
234,0.4005994366352371,0.17659745360757473,0.6810550596404542,0.8475317243972343,0.5658516830860497,0.4183531790568181,0.018463098847550374
235,0.8677707354839278,0.45555714911994716,0.5855808546561759,0.7637832595722032,0.20404764853807145,0.24120229559999073,0.6120134203297513
236,0.7665901742737814,0.8072008443159362,0.9873609079804992,0.576017247002269,0.7129124807495794,0.3325146887135234,0.7503438577346221
237,0.5346473885950174,0.11260903985649362,0.035956587937952755,0.27740589175052544,0.5433384930931449,0.8605138581776204,0.9130242267581672
238,0.09311362558682579,0.033878722019465846,0.9665666848546745,0.06988565744180553,0.5967420754776077,0.03685404896412059,0.5867553535876143
239,0.7022483432094403,0.6843793435746692,0.8655354064531471,0.8662750933531626,0.5459195265970965,0.061893516936239124,0.786693540914923
240,0.406615614801487,0.011864855684746156,0.886237347082968,0.6566250567162939,0.5895648238762192,0.6501870628429911,0.751336870514536
241,0.6025909794284694,0.6431815851194633,0.3393474119265618,0.17194808622099045,0.22924035353859118,0.9143346246652738,0.546820735920089
242,0.8113813972709466,0.611547822271478,0.7827516460663878,0.3280069489124897,0.9435779417129048,0.7481023064888365,0.48270696575761063
243,0.6500005239108819,0.4823390957071475,0.5112140696388354,0.7677435347878298,0.7538797647173425,0.7488483098214156,0.2673021637349976
244,0.3271319128972162,0.7187018861951057,0.053497417169765304,0.3164352213792728,0.0440092452040326,0.09357784322385543,0.6389975636739491
245,0.10665175021251805,0.18061457388763558,0.9495164042841188,0.944292862186291,0.3627363286228372,0.5600712099777461,0.7811695119204284
246,0.5007947832044656,0.1586480657663758,0.6709671852119622,0.5289379765620752,0.11741295282990771,0.5139083756209272,0.05377875864649395
247,0.02146822804282833,0.44180122615917905,0.14920858604287823,0.44456747136688124,0.9656593123224163,0.17112294346026213,0.5680304710707998
248,0.8124368031572445,0.2605465720581265,0.264835624247326,0.9639431226960843,0.44986452042926706,0.5089575583879006,0.5135150806548481
249,0.4764782757004804,0.9936466559333788,0.10683644802236647,0.5488149290327882,0.7866708575095005,0.6931127127341141,0.21184819168659175
250,0.11330346439270134,0.48545975491615345,0.7823192537927383,0.481758061530159,0.8639974370856549,0.2684953736203892,0.3518391525330907
251,0.4871710644408276,0.8544304273944089,0.6536573169368786,0.9672083901577382,0.4496037078252251,0.21235591946257293,0.22716406106057896
252,0.6653167672922573,0.6669047256379217,0.2342255865983648,0.1752237861961886,0.48958597365420464,0.6555498653272707,0.21495659721710936
253,0.6079983936044638,0.7087132275828427,0.9238166176927115,0.6446260319308401,0.002679702653072491,0.8365733702962456,0.10442180464428075
254,0.1116845384934152,0.12234915030179405,0.17600075296745,0.05052563653381181,0.6275833481069998,0.8774228890226292,0.6533791248222077
255,0.2829250130037686,0.46022932144053663,0.3892160480114688,0.6919029157819405,0.05331329126900075,0.9081763970652912,0.5199108465675616
256,0.3634473841653133,0.38567712978772173,0.9225879233380923,0.7771986948751394,0.19296734096491852,0.7268620347470822,0.7116506859652736
257,0.9348143420738957,0.7992185367981851,0.23181536585052398,0.6446595400883471,0.9431533945357574,0.0917402409151894,0.0983037298572832
258,0.5680767551098368,0.0056749217398844864,0.2933833250593805,0.5874974948012139,0.7112894010829558,0.12960946303995546,0.44494001595043875
259,0.2844859057503224,0.07917072313592777,0.1390565328939578,0.8674943215853548,0.10527664236478007,0.45522732307343816,0.1104633596162019
260,0.23458123115153562,0.8791475604298814,0.42894704099595893,0.29039265466672026,0.5721859429531266,0.7976435781277532,0.7675449041326347
261,0.2983119260394379,0.6929626198008143,0.21786728139326383,0.4617683748066508,0.9279350243087486,0.8145912564035808,0.58962794151934
262,0.5586804560935245,0.05867208032577276,0.6240990917192951,0.2932227672630736,0.36800769778623366,0.7031462628431566,0.8186978068962317
263,0.4190214046275482,0.7225406870402461,0.7829811526667597,0.18593392463316494,0.787604301259912,0.07222112640187317,0.44386768594923276
264,0.570334123329233,0.11874361726612814,0.5000687841893129,0.09405049961427969,0.20261996117898662,0.6210404236538996,0.6162630204578283
265,0.4654170494915316,0.5845336583732244,0.47402332210914755,0.1925057473952162,0.4704037044191097,0.06168765497197204,0.9184092669998952
266,0.028622610532878623,0.053870592119598215,0.6027767548407239,0.1518087006585077,0.5963575099778896,0.8232734386076804,0.7349529098237341
267,0.8939088899795404,0.930726589663326,0.2336666918980319,0.9558728017604465,0.05206739801831495,0.005223382327120274,0.24920100570744563
268,0.5197050201753821,0.6570562458580789,0.8494248367401107,0.3257653882160573,0.2175499093993255,0.5352998292342188,0.6185701758668006
269,0.25783427595675135,0.8110094163896047,0.25039931805235605,0.46241601968890733,0.8887338246288493,0.16145150069585967,0.6271679420314552
270,0.4444403516474825,0.8115998157035654,0.24358379149609988,0.21987240254686724,0.5191975588492829,0.6750096085582026,0.7564445617045019
271,0.926268825750753,0.3323622293139553,0.630871518880696,0.8673288848523449,0.9320901875918866,0.693817904109003,0.16410495263238067
272,0.48541838965460116,0.12565613837027678,0.3650924474476047,0.057434931362154606,0.3037038606867649,0.5105705233716892,0.3211058121431778
273,0.23971339232792066,0.7483515185407148,0.2915646672295812,0.9464408094342629,0.23747861037983609,0.8415747114246206,0.7687676782877725
274,0.14656701267264893,0.5446704509585958,0.5296263548539974,0.5827469670307056,0.0711431981081787,0.8183666420362642,0.06818865628481874
275,0.8758053154659292,0.38792767587461685,0.5575539164760585,0.35659235492471575,0.2653296966803905,0.521907412909066,0.6150056280067371
276,0.6749802678300993,0.4290018920034988,0.738128388064794,0.865354295136096,0.24719477105316756,0.7217209679296842,0.7436426330518299
277,0.07850745851197949,0.7143288313839439,0.1620455500648046,0.34325607672318204,0.28232802151845304,0.6752508919103934,0.8110081499868771
278,0.8693517224934898,0.9455426240648153,0.6662820687088584,0.5459220203205312,0.8069213117253066,0.6235943167098223,0.04166737989572877
279,0.1449802811888029,0.7784870488851776,0.6697720109747642,0.07131787543271861,0.5478833148500399,0.92642101877966,0.6736033474142396
280,0.5196476632841497,0.2513965897381799,0.00842183116363271,0.7867924271382136,0.22395880825653114,0.7991973189434791,0.2119633015463317
281,0.2268456217378334,0.5313326689702201,0.07448635700682515,0.015627497898554332,0.08383670941955923,0.8350094130403372,0.6409100889216425
282,0.8334913559932099,0.17061776492889236,0.04382281540490085,0.7011677901488493,0.8321933437018754,0.5232050148944394,0.5982857842044265
283,0.7126925808984138,0.7602245761342566,0.5406268672029522,0.24257197341364278,0.4437462423265116,0.9325092120096611,0.2051298718984278
284,0.9732811312401958,0.6538691993462064,0.7543997110589056,0.46461740469313806,0.6534888302965282,0.47197728980858755,0.9741437815681786
285,0.6077838500613363,0.31095333837033834,0.32196886520085755,0.07120297830474198,0.8648721987149601,0.6272408024594571,0.19875257488897202
286,0.23573205307312217,0.1138467387358546,0.758058692393149,0.17481028125340514,0.009015847127145205,0.11827227499469106,0.5113132815783059
287,0.5915985763433288,0.9161912889508298,0.27421838332728465,0.45117856267691336,0.7176121382575902,0.3390476636862755,0.599269420356262
288,0.19905221249402005,0.9380784563086251,0.9900014244902337,0.3794338335515036,0.622542680951265,0.7885064003206332,0.8339914417312488
289,0.7140443287578551,0.10373195522974699,0.6870804851401286,0.5723974566895191,0.3221971397273896,0.013484015594364851,0.8389760948746915
290,0.6051140444635504,0.6962066619917376,0.06130571445792754,0.7900443184200072,0.48080233241518766,0.06267684206494795,0.7264707645638433
291,0.873230481277914,0.7007046465576989,0.9715848770009584,0.6874467615892108,0.864532486580454,0.3744776867860503,0.43150750662973403
292,0.9879337927828699,0.8702984223423097,0.1358053373268706,0.2589919932130432,0.6319657164605659,0.4715488195653086,0.26516520824963874
293,0.9230394309975604,0.6700318344146268,0.5454119040641443,0.49005322939533547,0.09731419643721606,0.8643559086618379,0.8008597956381946
294,0.8685340039536078,0.8260275725372946,0.1901483707106023,0.13785946539863692,0.3079222746217558,0.07003751908393796,0.14800626365143044
295,0.812968218116898,0.870289946024394,0.16850625798993113,0.7085562421390165,0.508587894849657,0.7010412552374422,0.35912157045073057
296,0.15982324017319027,0.37984662146423376,0.5601752439930592,0.16835879691424038,0.9742620272364966,0.06125472343514826,0.3348569842325442
297,0.7160344850458173,0.616799891187878,0.47690258086755255,0.9023563663228397,0.21587302366294192,0.17621717077983579,0.34773755498744474
298,0.7746248719006606,0.32836333250722705,0.7820111608963813,0.7507093900964797,0.4795227834682576,0.5684512099590913,0.23631900761806768
299,0.3579510728419185,0.9253495841994425,0.629319309914036,0.8992228085624617,0.8868756393632453,0.1077984187339841,0.9257909591366993
300,0.49774282662177105,0.0224678317654603,0.21636492733400414,0.9721866681243062,0.03978328190012281,0.0770980654874871,0.33898965558500294
301,0.6663615037087641,0.8361051215188025,0.9226098790314693,0.6488975018670471,0.5295780960112724,0.7694523384994343,0.41427649750443496
302,0.38583935324893104,0.649156120007668,0.6526618626988929,0.47155641615853805,0.688219905090013,0.021996238042581773,0.32260567691530984
303,0.16623695851376752,0.431274389479133,0.43183503928585953,0.7699012745011367,0.3999068588825022,0.8089154317436079,0.954821413079442
304,0.04129865257734511,0.9146743259366418,0.5884794120395862,0.0321121437129086,0.35728291928280265,0.08884678289038139,0.6992635068334312
305,0.5734763042987124,0.013056671027789735,0.813375139470541,0.7426835431011236,0.7350358445248641,0.6947066942578647,0.4452740221209297
306,0.91249472651179,0.033202509701126925,0.37630154129379023,0.3702207643299029,0.7145715169211528,0.25612191387885785,0.17364675494631665
307,0.16678587996485839,0.62320352819175,0.6046744684238965,0.8348760526261539,0.7414548216553138,0.8015964832455729,0.4768916790424944
308,0.40943506528539153,0.8611911787921936,0.13726153986086942,0.6080256491480561,0.854612157539771,0.7108424087101699,0.9482365451023259
309,0.6121869957273057,0.9082355562905886,0.8078898697383978,0.8348577933406207,0.1105215596630692,0.11816896158440571,0.14151290096463398
310,0.9551969045651034,0.6002390740751924,0.4633550231457987,0.9394323826474634,0.5079685156897025,0.9491230477160241,0.23047568599582713
311,0.1914279433021765,0.47199605951319734,0.10507129468243015,0.8513468803180371,0.45060665382947906,0.7905868646549924,0.7264339166565593
312,0.3216325972664108,0.08054022968732355,0.6519001217770293,0.050898012624547295,0.6133746099302525,0.1446968716298187,0.5175533744305997
313,0.15480902903657134,0.08181079263573943,0.2647334939689451,0.07991043270132103,0.9456050238358898,0.036450378265286854,0.3353716675323902
314,0.4655004509960313,0.5467845032539278,0.5272039085866189,0.045788308541791056,0.2735726435418965,0.1933040471283437,0.3977037369759413
315,0.5997187217646601,0.5457098646958782,0.9550574823977979,0.5793230826455574,0.4219064597852824,0.2985183936714798,0.0013290169411623864
316,0.13324890695896674,0.6820989662535056,0.6164900339093442,0.8655120246134708,0.037157292723201674,0.9606897603243574,0.49828508951384565
317,0.5628122404137891,0.028388982804990026,0.7984678392745407,0.8849337842184352,0.6144181474109136,0.2520198186546312,0.7196861604435628
318,0.7280186850502426,0.5675410523828429,0.07152527987372614,0.8520662210884297,0.8369318785116481,0.661939024955489,0.93167709750968
319,0.7802434708464413,0.9067283915402278,0.16526319144120072,0.09267135988443043,0.38223189510624533,0.8920277486959112,0.20313366327935445
320,0.7863728393690496,0.9589391234665708,0.4969703022731994,0.8701190703662549,0.1480743171153005,0.1660495824961521,0.9828274450544928
321,0.7830114341368785,0.6377360210505023,0.07779976336574523,0.7506849547971015,0.30717298576194607,0.11389036659763474,0.624651703405729
322,0.20301626847299636,0.5596582010663713,0.03846798251247685,0.9418594830760226,0.21987651775615835,0.029099774715704685,0.4528026241262908
323,0.07949826282251371,0.8088217496870028,0.32219164008631207,0.2084369460459905,0.3567189939067287,0.9311839541600696,0.9065582934450483
324,0.011870826260396483,0.4521144752164348,0.047270821363537,0.8604691314620304,0.7933148160326824,0.2532533242832723,0.47731253112721617
325,0.8179025479725568,0.37504223440146245,0.9313359195604219,0.8866984768893409,0.9920982576973746,0.07900365240319596,0.4095729101591796
326,0.34641251763712266,0.6025817957026152,0.15028125271551385,0.6077455875821428,0.31677965714075607,0.884884101541172,0.46717295380458224
327,0.6156998305733525,0.6697329256185213,0.6445105195885455,0.4991499596944,0.4274817529567888,0.6283460635996577,0.9158449852719477
328,0.060933692826232955,0.23581373715054288,0.3908938111004071,0.21576565865653563,0.32908558289145773,0.9707549545175995,0.8083840914442633
329,0.34284786250419186,0.6331019295907236,0.3361350450922943,0.4584885988439771,0.28337157385881095,0.46889422667036795,0.4954767380259534
330,0.7318202550235082,0.45400515798482133,0.28124302573523063,0.46661523365247803,0.05625991708695688,0.9738359042073692,0.17764384664603217
331,0.11775800516110224,0.5635734124214667,0.07053722775872084,0.9647068715265892,0.4468196193077908,0.8281475515884269,0.6156507969869477
332,0.5827757470282692,0.1502649469713846,0.0305854410813583,0.915223013403041,0.5531516695371115,0.10696854987138993,0.7547421485292933
333,0.015526706938799872,0.5053964339845646,0.0565158782626195,0.44404166206206175,0.13727970525924849,0.7352008252660263,0.41827950146838644
